screen_x,screen_y,left_iris_x,left_iris_y,right_iris_x,right_iris_y
1756.0138438150116,475.3828425776819,350.46807861328125,205.6656188964844,284.28326416015625,204.5243225097656
1541.0423807698935,311.4255924302979,382.6329956054688,202.5334930419922,311.4971008300781,201.3344573974609
1246.43540763897,361.4048572594447,388.4805908203125,203.7277984619141,317.491455078125,201.3076171875
1145.608857228499,436.41895636356367,393.2137451171875,205.2178955078125,322.0780639648437,203.17874145507807
1239.994344830924,436.28717211631556,387.09326171875,206.36993408203125,315.8972473144531,204.0929412841797
