screen_x,screen_y,left_iris_x,left_iris_y,right_iris_x,right_iris_y
1613.5953914744969,813.1686280714857,371.6502685546875,227.77606201171875,289.9190673828125,234.59884643554688
1495.9773887038646,406.4153218183674,374.9105529785156,225.3105316162109,291.59478759765625,230.6915740966797
908.8432163728176,563.3535321627278,379.7769165039063,226.45396423339844,296.093994140625,233.11053466796875
917.4352721410287,831.1865176843348,383.95556640625,229.08416748046875,300.7130126953125,234.5121612548828
1621.213788409419,797.7998393402922,377.38232421875,229.82278442382807,293.6987609863281,234.75119018554688
