screen_x,screen_y
1666.1229120355274,766.0129190473963
1894.5805591806711,236.92581283082836
665.5189907074528,681.7322964509149
138.3094498978171,1202.6880796949554
1491.3570245837327,1181.2715283129655
