screen_x,screen_y,left_iris_x,left_iris_y,right_iris_x,right_iris_y
1666.1229120355274,766.0129190473963,357.8005065917969,270.39874267578125,266.3200988769531,274.5889587402344
1894.5805591806711,236.92581283082836,357.58770751953125,267.7619934082031,265.65478515625,272.07110595703125
665.5189907074528,681.7322964509149,363.87109375,270.2519226074219,271.03662109375,274.9322509765625
138.3094498978171,1202.6880796949554,368.3986206054688,272.3465270996094,277.5065612792969,276.5906677246094
1491.3570245837327,1181.2715283129655,358.6676940917969,272.2606506347656,267.2443542480469,276.70623779296875
