screen_x,screen_y
-432.08821033814456,240.40672097435163
1061.1049193800718,137.00408059476467
408.2932974486612,328.5402129609138
-79.9980073953775,829.7007411596351
765.4656485040468,482.69745416577643
