screen_x,screen_y
1396.457646871917,692.2741527568651
1057.0114015993531,596.8051845733426
1968.2644156768001,1468.4264543130412
1711.104661515943,1870.0191210761404
2155.1011035264455,1642.2744781724687
