left_iris_x,left_iris_y,right_iris_x,right_iris_y,point_x,point_y
367.3481750488281,267.9509582519531,274.97003173828125,271.74041748046875,100,100
356.5631103515625,267.6475524902344,263.9035339355469,271.7955627441406,1772,100
362.3847961425781,269.2467041015625,269.52801513671875,273.8466491699219,936,472
366.64581298828125,271.37542724609375,276.0614013671875,274.63165283203125,100,844
357.4941711425781,270.6262512207031,266.32342529296875,274.8126220703125,1772,844
