left_iris_x,left_iris_y,right_iris_x,right_iris_y
368.0736999511719,213.9350128173828,286.0220947265625,225.32611083984375
366.3346252441406,214.0336456298828,284.0729675292969,224.5684814453125
372.9424743652344,217.37081909179688,291.1571044921875,228.8212127685547
377.2281188964844,220.01605224609375,295.0538024902344,229.91590881347656
368.37176513671875,218.51849365234375,286.3505859375,229.706787109375
