left_iris_x,left_iris_y,right_iris_x,right_iris_y
365.3907470703125,218.12969970703125,287.36151123046875,222.60043334960938
357.165771484375,217.7986602783203,279.01800537109375,222.92665100097656
360.2151794433594,218.5648651123047,281.6532287597656,223.99618530273438
362.2632751464844,220.8680419921875,284.6844787597656,225.66075134277344
357.8870544433594,219.6030731201172,279.6045227050781,224.55859375
