left_iris_x,left_iris_y,right_iris_x,right_iris_y
371.6502685546875,227.77606201171875,289.9190673828125,234.59884643554688
374.9105529785156,225.31053161621094,291.59478759765625,230.6915740966797
379.77691650390625,226.45396423339844,296.093994140625,233.11053466796875
383.95556640625,229.08416748046875,300.7130126953125,234.5121612548828
377.38232421875,229.82278442382812,293.6987609863281,234.75119018554688
