left_iris_x,left_iris_y,right_iris_x,right_iris_y
350.46807861328125,205.66561889648438,284.28326416015625,204.52432250976562
382.63299560546875,202.5334930419922,311.4971008300781,201.33445739746094
388.4805908203125,203.72779846191406,317.491455078125,201.3076171875
393.2137451171875,205.2178955078125,322.07806396484375,203.17874145507812
387.09326171875,206.36993408203125,315.8972473144531,204.0929412841797
